{
  "interfaces": {
    "google.bigtable.admin.v2.BigtableInstanceAdmin": {
      "retry_codes": {
        "idempotent": [
          "DEADLINE_EXCEEDED",
          "UNAVAILABLE"
        ],
        "non_idempotent": [
          "UNAVAILABLE"
        ]
      },
      "retry_params": {
        "default": {
          "initial_retry_delay_millis": 5,
          "retry_delay_multiplier": 2.0,
          "max_retry_delay_millis": 60000,
          "initial_rpc_timeout_millis": 60000,
          "rpc_timeout_multiplier": 1.0,
          "max_rpc_timeout_millis": 60000,
          "total_timeout_millis": 600000
        }
      },
      "methods": {
        "CreateInstance": {
          "timeout_millis": 60000,
          "retry_codes_name": "non_idempotent",
          "retry_params_name": "default"
        },
        "GetInstance": {
          "timeout_millis": 60000,
          "retry_codes_name": "idempotent",
          "retry_params_name": "default"
        },
        "ListInstances": {
          "timeout_millis": 60000,
          "retry_codes_name": "idempotent",
          "retry_params_name": "default"
        },
        "UpdateInstance": {
          "timeout_millis": 60000,
          "retry_codes_name": "idempotent",
          "retry_params_name": "default"
        },
        "PartialUpdateInstance": {
          "timeout_millis": 60000,
          "retry_codes_name": "idempotent",
          "retry_params_name": "default"
        },
        "DeleteInstance": {
          "timeout_millis": 60000,
          "retry_codes_name": "non_idempotent",
          "retry_params_name": "default"
        },
        "CreateCluster": {
          "timeout_millis": 60000,
          "retry_codes_name": "non_idempotent",
          "retry_params_name": "default"
        },
        "GetCluster": {
          "timeout_millis": 60000,
          "retry_codes_name": "idempotent",
          "retry_params_name": "default"
        },
        "ListClusters": {
          "timeout_millis": 60000,
          "retry_codes_name": "idempotent",
          "retry_params_name": "default"
        },
        "UpdateCluster": {
          "timeout_millis": 60000,
          "retry_codes_name": "idempotent",
          "retry_params_name": "default"
        },
        "DeleteCluster": {
          "timeout_millis": 60000,
          "retry_codes_name": "non_idempotent",
          "retry_params_name": "default"
        },
        "CreateAppProfile": {
          "timeout_millis": 60000,
          "retry_codes_name": "non_idempotent",
          "retry_params_name": "default"
        },
        "GetAppProfile": {
          "timeout_millis": 60000,
          "retry_codes_name": "idempotent",
          "retry_params_name": "default"
        },
        "ListAppProfiles": {
          "timeout_millis": 60000,
          "retry_codes_name": "idempotent",
          "retry_params_name": "default"
        },
        "UpdateAppProfile": {
          "timeout_millis": 60000,
          "retry_codes_name": "idempotent",
          "retry_params_name": "default"
        },
        "DeleteAppProfile": {
          "timeout_millis": 60000,
          "retry_codes_name": "non_idempotent",
          "retry_params_name": "default"
        },
        "GetIamPolicy": {
          "timeout_millis": 60000,
          "retry_codes_name": "idempotent",
          "retry_params_name": "default"
        },
        "SetIamPolicy": {
          "timeout_millis": 60000,
          "retry_codes_name": "non_idempotent",
          "retry_params_name": "default"
        },
        "TestIamPermissions": {
          "timeout_millis": 60000,
          "retry_codes_name": "idempotent",
          "retry_params_name": "default"
        }
      }
    }
  }
}
